{"cameraMode":{"drawMode":0,"name":"Shaded","section":"Shading Mode"},"sceneLighting":true,"audioPlay":false,"sceneViewState":{"showFog":true,"showMaterialUpdate":true,"showSkybox":false,"showFlares":true,"showImageEffects":true,"showParticleSystems":true},"in2DMode":false,"pivot":{"x":-6.317502975463867,"y":-0.8072762489318848,"z":10.31464672088623},"rotation":{"x":-0.1630459427833557,"y":0.688421905040741,"z":-0.16323326528072358,"w":-0.6876381635665894},"size":3.4407882690429689,"orthographic":false}