{"cameraMode":{"drawMode":0,"name":"Shaded","section":"Shading Mode"},"sceneLighting":false,"audioPlay":false,"sceneViewState":{"showFog":true,"showMaterialUpdate":true,"showSkybox":false,"showFlares":true,"showImageEffects":true,"showParticleSystems":true},"in2DMode":false,"pivot":{"x":-65.35630798339844,"y":-5.3074798583984379,"z":-1.9909820556640626},"rotation":{"x":-0.0001098643260775134,"y":0.9414770603179932,"z":-0.3370768427848816,"w":-0.00030875642551109195},"size":117.54932403564453,"orthographic":false}