{"cameraMode":{"drawMode":0,"name":"Shaded","section":"Shading Mode"},"sceneLighting":false,"audioPlay":false,"sceneViewState":{"showFog":true,"showMaterialUpdate":true,"showSkybox":false,"showFlares":true,"showImageEffects":true,"showParticleSystems":true},"in2DMode":false,"pivot":{"x":4.2217793464660648,"y":-2.043160915374756,"z":-0.8247547149658203},"rotation":{"x":-0.1217292919754982,"y":0.6412479281425476,"z":-0.10401693731546402,"w":-0.7504423260688782},"size":1.2375746965408326,"orthographic":false}