{"cameraMode":{"drawMode":0,"name":"Shaded","section":"Shading Mode"},"sceneLighting":false,"audioPlay":false,"sceneViewState":{"showFog":true,"showMaterialUpdate":true,"showSkybox":false,"showFlares":true,"showImageEffects":true,"showParticleSystems":true},"in2DMode":false,"pivot":{"x":0.33741673827171328,"y":-0.06827573478221894,"z":0.7979999780654907},"rotation":{"x":0.007854406721889973,"y":-0.9920697212219238,"z":0.08234158903360367,"w":0.09463570266962052},"size":22.0,"orthographic":false}