{"cameraMode":{"drawMode":0,"name":"Shaded","section":"Shading Mode"},"sceneLighting":true,"audioPlay":false,"sceneViewState":{"showFog":true,"showMaterialUpdate":true,"showSkybox":false,"showFlares":true,"showImageEffects":true,"showParticleSystems":true},"in2DMode":false,"pivot":{"x":-12.141154289245606,"y":-4.412893295288086,"z":5.713461399078369},"rotation":{"x":0.007854406721889973,"y":-0.9920697212219238,"z":0.08234158903360367,"w":0.09463570266962052},"size":7.927037715911865,"orthographic":false}